{
  "HTTP Request - Index" : {
    "transaction" : "HTTP Request - Index",
    "sampleCount" : 66268,
    "errorCount" : 66268,
    "errorPct" : 100.0,
    "meanResTime" : 1780.6709724150462,
    "medianResTime" : 455.0,
    "minResTime" : 1.0,
    "maxResTime" : 59379.0,
    "pct1ResTime" : 963.0,
    "pct2ResTime" : 1001.0,
    "pct3ResTime" : 1075.0,
    "throughput" : 663.2105684547638,
    "receivedKBytesPerSec" : 2036.0195089665483,
    "sentKBytesPerSec" : 19.982646273268614
  },
  "Total" : {
    "transaction" : "Total",
    "sampleCount" : 66268,
    "errorCount" : 66268,
    "errorPct" : 100.0,
    "meanResTime" : 1780.6709724150462,
    "medianResTime" : 455.0,
    "minResTime" : 1.0,
    "maxResTime" : 59379.0,
    "pct1ResTime" : 963.0,
    "pct2ResTime" : 1001.0,
    "pct3ResTime" : 1075.0,
    "throughput" : 663.2105684547638,
    "receivedKBytesPerSec" : 2036.0195089665483,
    "sentKBytesPerSec" : 19.982646273268614
  }
}